MDVP:Fo(Hz),MDVP:Fhi(Hz),MDVP:Flo(Hz),MDVP:Jitter(%),MDVP:Jitter(Abs),MDVP:RAP,MDVP:PPQ,Jitter:DDP,MDVP:Shimmer,MDVP:Shimmer(dB),Shimmer:APQ3,Shimmer:APQ5,MDVP:APQ,Shimmer:DDA,NHR,HNR,RPDE,DFA,spread1,spread2,D2,PPE
197.076,206.896,192.055,0.00289,1e-05,0.00166,0.00168,0.00498,0.01098,0.097,0.00563,0.0068,0.00802,0.01689,0.00339,26.775,0.422229,0.741367,-7.3483,0.177551,1.743867,0.085569
119.992,157.302,74.997,0.00784,7e-05,0.0037,0.00554,0.01109,0.04374,0.426,0.02182,0.0313,0.02971,0.06545,0.02211,21.033,0.414783,0.815285,-4.813031,0.266482,2.301442,0.284654
